Customer ID,Name,Location,Contact,Purchase History
1,Rebecca Jackson,Wallport,001-739-453-3942x10470,27
2,Amber Obrien,West Markchester,(632)985-8842,13
3,Christopher Bass,Juliemouth,871-223-6851,7
4,Jose Travis,Amandamouth,(549)365-1370x985,7
5,William Baker,Blankenshipport,+1-861-920-0471x1382,43
6,Anthony Everett,Ellenside,(592)761-7964x05377,28
7,Laura Roberts,Lake Michaelstad,2642317139,23
8,Matthew Foster,Johnberg,001-431-283-9335,28
9,Joshua Cooke,Micheleberg,(584)721-0205,27
10,Diane Evans,East Josephberg,001-568-211-7758x9178,30
11,Amanda Jones,Stephentown,7764617711,47
12,Susan Serrano,East Joshuashire,+1-856-398-4789,4
13,Paul Castaneda,Port Dianaside,001-736-673-6576x6156,44
14,John Whitehead,Stephaniefort,211-716-1528,42
15,Alexander Collins,South Michaelchester,001-304-794-5198x3273,42
16,Tammie Bright,Dannyview,001-636-289-9809,7
17,Keith Jennings,West Jacqueline,555-802-2961x2018,4
18,Michelle Harmon,Chavezburgh,(645)999-1022x901,26
19,James Ferrell,Tuckermouth,(543)881-5614x97840,47
20,John Pierce,North Jamesborough,001-724-345-1076x22683,22
21,Laura Haney,Hensleyton,(707)415-9696x64160,7
22,Michael Evans,Collierstad,861-636-9681,16
23,Gina Moore,Jeffreyburgh,581-388-3552,13
24,Katie Suarez,West James,+1-721-427-7997x995,13
25,Jeffrey Chavez,Jonesmouth,+1-744-690-5814x7700,35
26,Stephanie Ross,Lake Michelleland,+1-998-467-9807x935,29
27,Garrett Lin,South Dalemouth,001-718-720-3778x892,9
28,Cassandra Gaines,Paulmouth,+1-390-451-5186x44925,28
29,Krista Gibson,Kylefurt,(391)848-6528,12
30,Lisa Archer,Andrewport,(635)373-3221,18
31,Joyce Bowen,Lake Matthewberg,+1-962-622-9270x653,30
32,Brent Jordan,Youngbury,573-459-7746x8862,16
33,Victoria Garcia,Brettfort,(881)381-4124x782,5
34,David Smith,Port Shannon,(206)706-8536x153,29
35,Frank Cordova,Port Jennifermouth,(220)347-2779,36
36,Amy Silva,West Jasonberg,+1-298-561-4341,7
37,Nathan Freeman,Fowlermouth,417-698-0893,4
38,Dr. Hannah Patterson,Smithstad,296.821.8518,42
39,Lisa Barnes,Williamsfurt,(740)751-5319x520,35
40,Wayne Morgan,Port Kimberly,772.621.7043x030,1
41,Crystal Robinson,Haysside,940.834.5054x1566,6
42,Evelyn Galvan,Terrifort,001-675-784-1616x928,49
43,Ryan Gonzalez,North Markport,279-362-7570x5964,16
44,Elizabeth Oliver DDS,Coxburgh,7298702135,11
45,Karen Graham,New Ericmouth,(357)219-2856x543,27
46,Michael Lewis,South April,+1-514-347-3947,32
47,Dustin Jordan,Port Charles,(671)455-1884,31
48,Matthew Harrington,Port Michael,713.923.7058,14
49,Sandra Aguilar,New Nicole,446-778-6691,26
50,Judy Baker,South Stevenhaven,(628)492-2680x182,4
51,Matthew Moore,West Sarah,458.641.4384,11
52,Tina Sanders,New Danielleshire,001-322-299-5900,25
53,Stephanie Williams,Debrashire,(490)978-4473x64710,1
54,Jonathan Lawrence,Washingtonborough,992-355-5625x88153,25
55,Madison Poole,Shannonberg,704-569-6325,17
56,Andrew Avila,South Wendy,774.270.1687x339,30
57,Tricia Valencia,West Troyfort,580-716-2456x5060,19
58,Denise Davenport,Charleshaven,784.499.1216x558,28
59,Ethan Adams,New William,700.402.5787x29825,45
60,Timothy Duncan,Ewingport,001-258-788-7947,47
61,Richard Henson,Emilychester,001-240-997-4993,36
62,Melissa Brewer,New Cristina,+1-462-830-9130x756,43
63,Spencer Haynes,South Warren,+1-470-928-3857x865,46
64,Theresa Clark,Amyview,+1-773-934-8434x437,32
65,Denise Jones,Annview,919-686-6524x0415,10
66,Patty Perez,Lewisside,584-221-9933x083,13
67,Yvonne Burns,South Markfort,620-782-6773,19
68,Christopher Parker,Debbieland,+1-293-280-2620x6724,14
69,Lindsay Martinez,Ashleyville,947-688-7287x43152,4
70,Mark Brown,North Jill,493-929-6685x1612,38
71,Aimee Montoya,Sharitown,563-274-5499x045,48
72,Jessica Callahan,South Kurtfurt,+1-784-814-5933x27279,35
73,James Brown,Toddborough,001-539-418-7851x91088,4
74,Angie Henderson,West Melissa,813.997.1870x728,48
75,Kimberly Gibson,New Stevenport,001-206-340-3910x6518,21
76,Brittany Farmer,Johnsonchester,(426)756-7661,4
77,Michele Williams,East Victoriafurt,723.400.4786x86337,4
78,Colin Terry,Jacobville,2699033119,38
79,Joshua Reed,East Joyfurt,738.530.2843x959,31
80,Christina Walters,Nancyhaven,964.240.8926,33
81,Angela Lopez,Shellyfurt,956.262.4628x73342,34
82,Brenda Hall,Faulknerside,626.834.3517x51830,11
83,Andrew Reynolds,Port Charlesshire,001-583-873-5403x3173,4
84,Matthew Mcmillan,New Marc,767-585-4458x7717,33
85,Mike Allen,Lawrenceton,001-632-404-8996,6
86,Cameron Fisher,West Jerry,001-437-785-4777,12
87,Cameron Parker,East Jennifer,428.208.0100x6231,5
88,Cathy Robinson,New Stephen,8992770088,39
89,Richard Rodriguez,New Jenniferside,608-762-1182x3398,5
90,Michael Bradshaw,Lauraland,(867)993-3410x166,44
91,Adam Vaughan,Lake Albertburgh,576-959-1803,16
92,Rodney Morales,Brandonland,+1-448-590-2503x92614,26
93,Daniel Kennedy,Rhodesside,862-718-5016x31599,8
94,Kathleen Moran,Lake Joshuamouth,335.386.6296x1943,37
95,Shannon James,Ericberg,001-365-451-1047x5412,16
96,Larry Dixon,Coleside,861.801.5819x95604,38
97,Whitney Peters,Lake Rachelbury,001-982-462-2444,39
98,Megan Orr,East Ryanchester,671-254-3799x3712,3
99,Elizabeth Fowler,Cookfurt,775-669-2459x37526,40
100,Julia Torres,Faulknerbury,564-965-1939x82807,6
101,Paula Moreno,Marieland,(872)843-4266x17979,27
102,Christopher Rubio,Port Tanyaside,+1-311-235-2909x656,43
103,Debra Morton,West Jeffreyhaven,+1-499-737-5679,38
104,Richard Aguirre,South Danchester,912-754-5738,37
105,Amber Wright,Davismouth,714-801-0512x38282,34
106,Yvonne Chambers,Hallfurt,+1-522-566-0937x9660,21
107,John Young,Karenland,001-618-925-5371,17
108,Zachary Ferrell,Candicefurt,001-315-457-9249,14
109,Gerald Hensley,Davidport,825-828-6692,43
110,Sierra Johnson,South Cynthia,001-728-227-4225x790,46
111,Joseph Coleman,Taylorfurt,+1-387-267-6772,21
112,Shirley Suarez,West Antonio,384.327.9788,16
113,Paul Jones,Kimberlystad,+1-207-983-6134,17
114,Tommy Walter,Michaelland,513.239.5962x923,26
115,Justin Baker,Amandaside,(854)249-4812,9
116,Margaret Coleman,Michelleberg,001-823-925-3672x946,43
117,Nathan Malone,Lake Lauraland,(884)557-7590x1751,42
118,Cynthia Rowe,Summersfort,354-958-9297x500,20
119,David Alvarez,North Sarahburgh,370.763.2424x154,30
120,Sara Johnston,North Randy,936-211-0371x2938,21
121,Mrs. Kristen Reyes,Lake Matthewville,(427)413-6111x55426,49
122,Daniel Baker,New Annaburgh,853.726.9731x121,5
123,Justin Torres,Edwardsberg,241.638.9994,1
124,Darlene Miller,New Catherine,964.303.7613,30
125,Jeffrey Johnson,West Sarahberg,(596)258-2710x9104,40
126,Timothy Romero,Port Raymondport,+1-386-566-1889x2414,37
127,Jessica Holmes,New Mark,001-314-963-0316,7
128,Matthew Moon,West Elizabethburgh,602-402-7588,5
129,Helen Jones,Davidview,001-710-256-4814x9177,35
130,Cheyenne Horton,Villarrealburgh,(224)919-1380x003,14
131,Kevin Walters,Patrickberg,(608)363-5365,33
132,Abigail Shaffer,Davidton,(738)306-1744,17
133,Mary Marshall,Smithborough,294-893-7597x3832,9
134,Allison Hill,East Ambertown,206-541-3836x70241,23
135,Samantha Garcia,Haynesstad,419.518.2619x906,5
136,John Daniel,Josemouth,(455)974-3132x9121,16
137,Bryan Herrera,Edwardsville,+1-453-674-7411,24
138,Anthony Humphrey,East Marymouth,(413)256-8044,19
139,Michelle Evans,Bondside,001-883-717-1210x0323,11
140,Kristen Davis,New Brendaland,9132721510,29
141,Donald Wright,New Ryan,001-467-206-6253x2447,35
142,Lindsey Walker,Lake Kenneth,(887)701-4626x38380,46
143,Julie Alexander,Stephensfort,(698)256-4205x930,20
144,Connie Lawrence,Morenoshire,821.733.4803,40
145,Rebecca Valencia,East Joel,959-205-9929x37842,42
146,Elaine Brooks,North Jessebury,4877059325,34
147,Lawrence Adkins,North Dylanberg,001-818-951-5691x54522,1
148,Zachary Hicks,Grantside,001-895-239-2644x220,43
149,William Herrera,New Lucas,+1-339-717-2513x552,36
150,Jennifer Adkins,Smithborough,815.441.0067,20
151,Monica Herrera,Snyderfurt,(286)717-9327x104,43
152,Elizabeth Kelley,Stephanieland,826-421-8159x97062,7
153,Angelica Keith,North Markborough,(288)744-4310x69872,9
154,Ricky Davis II,South Christopherfort,610.832.4171,17
155,David Martinez,Burnsview,286-625-6527,8
156,Megan Young,Marshallbury,290-821-1586x938,7
157,Jose Schultz,Sheppardfort,001-437-341-6089,48
158,Isaiah Avila,Thompsonburgh,632.706.1632,36
159,Devon Flores,North Paulfurt,+1-854-387-0998,10
160,Susan Murray MD,Hernandezshire,001-891-619-1485,18
161,Jeffrey Chandler,Penashire,+1-770-524-6299x606,19
162,Lauren Daniels,Lake Thomasview,(705)644-4713x247,39
163,Angelica Tucker,Jacobsland,473.367.8508,14
164,Patrick Thornton,Jennafurt,(289)902-3303,46
165,William Barrett,West Janetview,(978)761-0357x972,22
166,Stephanie Manning,Frankview,001-814-206-0293x3334,14
167,Kimberly Gutierrez,South Rhondaburgh,+1-503-949-4466x574,44
168,Marc Moore,Ericafurt,001-610-385-8994,41
169,Bailey Duran DDS,Brownview,+1-454-244-3283x0965,17
170,Michael Wang,Brightview,(466)409-9353x87584,33
171,Aaron Wise,Connorberg,001-648-625-1353x4655,32
172,Alyssa Long,Yorkfort,8996917381,17
173,Danny Morgan,Brownberg,(335)969-7252,4
174,David Douglas Jr.,Crystalburgh,800-874-3292x71296,6
175,Lori Guerrero,Sanfordfurt,2082350583,41
176,Sharon Cochran,East Heather,(642)916-8942x104,28
177,David Davis,Ryanberg,475-332-6033x23098,18
178,Stephanie Salazar,Jenniferton,(848)390-9010x0167,3
179,Denise Jacobs,Thomasberg,404.861.8499,1
180,Daniel Murphy,New Jenniferville,411-273-9348x3564,22
181,Patricia Rodriguez,Lozanofort,530-901-1972x18114,50
182,Margaret Hawkins DDS,Josephton,220-245-5611,9
183,Lisa Hensley,Lake Deborah,857-994-1552x16674,41
184,Veronica Simpson,Banksburgh,920-421-6979,17
185,Joshua Blair,Maxwelltown,+1-527-771-6701x45089,11
186,Joel Williams,South Dorothybury,356.928.9002x8772,48
187,Michael Powell,Johnview,9839866317,29
188,Jessica Garcia,Port Vernonmouth,270-316-6088,36
189,Jordan Henderson,Pamelaside,975.750.3758,46
190,Shelia Wallace,Wilsonbury,4559488510,28
191,Angel Perry,Port Jennifer,001-361-849-3316x3735,36
192,Sherri Baker,Lake Maryshire,277-898-2708,1
193,Tracy House,Glassburgh,001-592-621-6995x866,8
194,Nicole Herring,Stuartport,522.669.8485x833,5
195,Deborah Figueroa,Samanthaberg,001-628-885-1587x996,45
196,Kathryn Snyder,New Danielfurt,(200)634-2442,10
197,Michelle Brown,Port Amber,(871)898-3863x840,35
198,Courtney Gonzalez,Fryemouth,+1-500-543-9735,3
199,Derek Zuniga,Shaneland,(628)416-0648,24
200,Victor Baker,New Meghan,6579202590,38
201,Noah Rhodes,Charlesmouth,532.781.8268x86153,36
202,Cristian Santos,Michaelborough,001-798-878-0157x39930,10
203,Tanya Kim,South Jonathanport,5857887704,28
204,Jessica Gross,North Garyside,+1-801-333-6138,9
205,Michael Lyons,North Stephen,901-810-2481x93466,3
206,Shane Henderson,Stewartfurt,+1-318-609-1901x58144,20
207,Steve Sanchez,Jamestown,428.332.6842x4508,24
208,Debra Davidson,North Ashleyfurt,+1-481-443-5368,3
209,Dr. William Warren,East Christina,631-329-0878x141,23
210,Brian Lee,Lake Beverly,652-431-4913x57759,14
211,Sherry Decker,Lindseychester,(705)933-6452,44
212,Jamie Walton,Griffinport,281.229.1428x3411,16
213,Alyssa Day,Hammondborough,5846887256,43
214,Marie Christian,South Walter,465-980-3928,7
215,Shannon Walker,East Ashley,001-627-750-3731,23
216,Kirk Carter,North Elizabeth,456.877.0051x84498,50
217,Shannon Rivera,Diazland,946.438.6557x79082,36
218,Michael Elliott,North Xavier,932-922-5913x651,27
219,Jason Stein,Clarkburgh,+1-460-230-2992x2809,40
220,Jessica Smith,West Sandra,869.490.4137x97723,48
221,Stephen Mckee,New Donna,225-579-9136x621,10
222,Robert Potter,Serranoville,(979)490-8811,16
223,Elizabeth Perkins,Port Erikachester,465.608.6376x59916,11
224,John Anderson,Cannonland,898-564-3009x8180,12
225,Stephanie Byrd,Robertville,(669)844-8695,27
226,Jessica Stephens,South Andrea,+1-772-858-8744,2
227,Kathy Rivas,Port Michelle,237-421-3865,12
228,Ashley Barton,Oconnelltown,727-396-1143,48
229,Carolyn Miller,Lake Patrickfurt,+1-584-290-2770x384,22
230,Jeremy Reed,New Gavin,8538021465,27
231,Holly Wood,New Alexis,001-511-984-8955x439,43
232,Katherine Salas,Andrewsview,(368)618-1845,48
233,Jonathan Peterson,Heatherfurt,001-373-657-7907,16
234,Christopher Smith,South Cynthiabury,+1-335-465-8804x34165,18
235,Carla Gray,Edwardsborough,001-542-537-3334,11
236,Jamie Smith,Port John,+1-752-711-1790x807,45
237,Pamela Boyd,Villanuevashire,972-284-6392x086,7
238,Allen Rosales,Phillipburgh,718.675.0036x915,25
239,Sharon Cherry,New Jose,879-655-2763x655,3
240,Daniel Wagner,Whiteberg,001-431-443-8663,31
241,Olivia Harris,Shafferburgh,(472)288-5744x89061,15
242,Victoria Larson,Port Jonathan,+1-317-754-5588x4506,13
243,Amber Kidd,New Barbara,+1-982-445-5877x1694,30
244,Gabrielle Davis,Lake Lindsey,869-696-1125x35544,23
245,Michael Warner,Normanstad,001-498-876-2202x3413,20
246,Brandon Bailey MD,North Calebfort,+1-400-368-1149,15
247,April Frost,Parkerbury,001-647-922-8200x5577,15
248,Crystal Johnson,Lake Amber,001-997-596-8845,2
249,Barbara Dudley,South Kylechester,924-900-8254x780,43
250,Christine Wright,Albertchester,893-808-5368x6632,13
251,Rebecca Jackson,West Christian,+1-638-394-4846x3122,26
252,Amber Obrien,Williamsonview,001-697-635-0208x021,22
253,Christopher Bass,Lake Samuel,6319207356,18
254,Jose Travis,Steventon,312-504-6187x23460,5
255,William Baker,Wisemouth,603.771.8376,50
256,Anthony Everett,Lake Jessica,001-888-714-7435x0313,18
257,Laura Roberts,East Laurashire,763-300-9792,23
258,Matthew Foster,East Vincent,+1-795-900-5281x27358,42
259,Joshua Cooke,North Hannah,(424)707-7848x739,33
260,Diane Evans,Jessicaview,+1-282-818-2744x857,26
261,Amanda Jones,North Christine,(693)751-8638x782,44
262,Susan Serrano,Davidsonville,981-502-2031,35
263,Paul Castaneda,North Ashleyfurt,+1-378-999-4053x91037,22
264,John Whitehead,West Angelachester,(309)548-0141x381,2
265,Alexander Collins,Lopezhaven,+1-439-828-8619x57612,8
266,Tammie Bright,Dianeside,+1-575-858-5566x593,17
267,Keith Jennings,Michaelmouth,560.504.9082x404,12
268,Michelle Harmon,Andrewview,+1-788-499-2107,38
269,James Ferrell,West Michael,001-533-344-1969,17
270,John Pierce,Lauraburgh,891.394.0961x0556,3
271,Laura Haney,Lake Denise,+1-506-404-8058x925,7
272,Michael Evans,Lake Jessicafurt,399.981.3646x225,39
273,Gina Moore,New Raymondland,(586)522-7837x6938,28
274,Katie Suarez,West Kimberlymouth,+1-491-716-6553x55904,23
275,Jeffrey Chavez,Hansonmouth,4336521103,47
276,Stephanie Ross,West Heatherville,977-405-3833x8848,21
277,Garrett Lin,South Brandyhaven,9422043940,28
278,Cassandra Gaines,South Donnastad,904-363-6815,39
279,Krista Gibson,East Vincent,780.703.8457x620,33
280,Lisa Archer,Colleenbury,840.546.0843x25621,8
281,Joyce Bowen,Allenberg,(449)857-8232x98324,25
282,Brent Jordan,Lake Sarah,(251)788-1252,37
283,Victoria Garcia,Aliport,542.531.2209x949,13
284,David Smith,Lake Anthony,972-989-7526,17
285,Frank Cordova,East James,4609463331,3
286,Amy Silva,Wattsmouth,266.309.6569,46
287,Nathan Freeman,Bryantton,588.660.8680,28
288,Dr. Hannah Patterson,Sandersport,001-347-426-4908x27718,1
289,Lisa Barnes,South Robert,302.379.3714x521,34
290,Wayne Morgan,Waltersland,468.492.6860x25922,35
291,Crystal Robinson,South Kylemouth,221-923-0940x7778,44
292,Evelyn Galvan,East Brianna,576.271.9903x8498,47
293,Ryan Gonzalez,East Brian,(402)409-9451x016,48
294,Elizabeth Oliver DDS,Cherylshire,+1-727-895-0145,48
295,Karen Graham,Port Ronaldside,547-521-4586,43
296,Michael Lewis,North Ashleyhaven,779-446-9548,13
297,Dustin Jordan,Stonefort,829.834.3010x7139,24
298,Matthew Harrington,West Michaelborough,7342414488,28
299,Sandra Aguilar,Lake Mathewfurt,001-499-902-3557x7027,5
300,Judy Baker,Stevenchester,001-308-449-5880x3955,43
301,Matthew Moore,Marymouth,(882)399-6291x4504,22
302,Tina Sanders,Wileystad,243.984.2150x317,40
303,Stephanie Williams,East Matthew,384.252.1823x0768,21
304,Jonathan Lawrence,Sarahland,670-718-4094x35334,43
305,Madison Poole,Lambertview,(524)710-9881,8
306,Andrew Avila,Josephport,001-232-414-9587,47
307,Tricia Valencia,South Rebeccaton,960-716-6299,20
308,Denise Davenport,Martinborough,001-981-579-2171x747,33
309,Ethan Adams,East Michelle,+1-345-762-5577x017,20
310,Timothy Duncan,Murrayburgh,959-892-8161x5814,43
311,Richard Henson,Allenbury,+1-827-761-5396,27
312,Melissa Brewer,East Elaine,397-919-9758,21
313,Spencer Haynes,West Stephanie,591-496-5701,26
314,Theresa Clark,Port Dwayneberg,684.869.9733x549,45
315,Denise Jones,Veronicashire,2982624058,19
316,Patty Perez,Danielport,8365965666,36
317,Yvonne Burns,South Don,+1-365-262-4220,9
318,Christopher Parker,Lake Nicole,+1-962-812-6796x92786,13
319,Lindsay Martinez,Jeremiahchester,+1-209-973-8468x950,27
320,Mark Brown,Danielfort,001-912-384-7818x913,43
321,Aimee Montoya,Chloemouth,+1-707-678-7956,25
322,Jessica Callahan,Garyport,001-994-307-9290x4904,44
323,James Brown,New Chase,442-994-4401x929,48
324,Angie Henderson,Lindseyview,001-837-828-0512x927,12
325,Kimberly Gibson,Lake Scott,+1-623-995-0410x2767,40
326,Brittany Farmer,South Frances,(374)728-6047x6580,37
327,Michele Williams,Bishopview,744-214-9673x93852,20
328,Colin Terry,Port Carloschester,281-275-3443,26
329,Joshua Reed,North Sheenaborough,+1-611-919-2692x124,36
330,Christina Walters,Lake Shawnview,001-465-942-1406x65044,1
331,Angela Lopez,South Tiffanyborough,+1-662-371-2863x917,20
332,Brenda Hall,North Chadview,001-970-972-0064x25690,19
333,Andrew Reynolds,Powellland,+1-730-667-1985,14
334,Matthew Mcmillan,Brownland,(685)817-4328x063,28
335,Mike Allen,Lake Haleyfort,973-820-3093,38
336,Cameron Fisher,Port Amberport,987.400.5050x6138,39
337,Cameron Parker,North Benjamin,(470)279-0320,42
338,Cathy Robinson,Loriville,592.891.1179x931,21
339,Richard Rodriguez,Lisafurt,419-882-5309x25114,30
340,Michael Bradshaw,Lake Mitchell,(473)290-2196,29
341,Adam Vaughan,Millertown,(619)946-7232,29
342,Rodney Morales,Allenburgh,+1-509-527-9145x608,44
343,Daniel Kennedy,New Tiffanystad,001-488-237-3403x12772,14
344,Kathleen Moran,Lake Michaelborough,(345)397-0108x22078,33
345,Shannon James,Lake Sean,001-356-535-3153,31
346,Larry Dixon,Kanefurt,917.497.0623,48
347,Whitney Peters,Brooksmouth,001-935-943-5209x0421,11
348,Megan Orr,Jacksonmouth,349.829.2983,43
349,Elizabeth Fowler,Atkinsborough,001-877-540-6335,6
350,Julia Torres,New Rachel,(300)278-0686x71773,19
351,Paula Moreno,Dodsonberg,(943)910-7427x990,33
352,Christopher Rubio,Port Jacqueline,(657)801-6580,43
353,Debra Morton,Helenside,001-331-895-0850,41
354,Richard Aguirre,Steventon,(952)581-8325x381,40
355,Amber Wright,West Michael,386-940-1557x788,22
356,Yvonne Chambers,Shannonstad,+1-413-971-1624x11241,6
357,John Young,Port James,+1-304-268-2756x7043,49
358,Zachary Ferrell,Port Stacey,+1-456-695-5798x8774,16
359,Gerald Hensley,Port Jordan,454.402.5472x9284,44
360,Sierra Johnson,East John,2597274523,20
361,Joseph Coleman,Earlmouth,+1-928-741-0672,15
362,Shirley Suarez,North Tara,+1-985-747-4929,13
363,Paul Jones,Lake Timothyton,(781)340-6937,10
364,Tommy Walter,Brianborough,001-383-843-0187,2
365,Justin Baker,South Louis,+1-780-756-2656x504,3
366,Margaret Coleman,Tiffanyside,437-367-4266,16
367,Nathan Malone,East Kevin,451.596.1064x62879,31
368,Cynthia Rowe,Port Patrick,+1-570-249-4787,40
369,David Alvarez,East Josefort,946-327-3014,50
370,Sara Johnston,Biancashire,(947)415-8904x29025,5
371,Mrs. Kristen Reyes,Frankview,(465)704-4818x321,30
372,Daniel Baker,Margaretport,951-889-5202x845,27
373,Justin Torres,Samanthaburgh,332-883-3898,41
374,Darlene Miller,Moonville,(707)454-5279,37
375,Jeffrey Johnson,Anthonyville,822.334.2321,13
376,Timothy Romero,North Kimchester,6312089071,46
377,Jessica Holmes,West Elizabethville,493-693-2501,45
378,Matthew Moon,Michaelhaven,001-293-389-1190x83342,25
379,Helen Jones,New Melissa,859.327.1256x6383,32
380,Cheyenne Horton,Davidville,627.954.8015x71647,26
381,Kevin Walters,New Richard,(431)875-2071x67811,16
382,Abigail Shaffer,Nealville,001-621-653-5396x1367,10
383,Mary Marshall,Kellyfurt,384.227.1147x7320,42
384,Allison Hill,South Erikaburgh,(695)924-9911x8773,45
385,Samantha Garcia,Wagnerside,288-400-6167x56770,1
386,John Daniel,Nicoleburgh,962.446.7197x8897,49
387,Bryan Herrera,South Joseshire,(295)745-0090x2559,50
388,Anthony Humphrey,Davisstad,(365)703-3349x114,7
389,Michelle Evans,North Amanda,2767986407,50
390,Kristen Davis,Hudsonmouth,001-417-613-5785,28
391,Donald Wright,Taraborough,318.734.4049x6391,15
392,Lindsey Walker,Carloshaven,863.651.4846x8536,12
393,Julie Alexander,Powersside,(808)229-7374,45
394,Connie Lawrence,West Steven,624.666.5136,34
395,Rebecca Valencia,West Gloria,963.912.3034,30
396,Elaine Brooks,Hendersonton,224.920.4482,4
397,Lawrence Adkins,North Micheleland,694-916-5162x31981,36
398,Zachary Hicks,East Carolmouth,296-936-3212x34764,16
399,William Herrera,Hollyville,286-573-4257x54090,8
400,Jennifer Adkins,Angelaport,+1-651-583-7606x4413,30
401,Monica Herrera,South Crystal,001-360-741-7765x61248,9
402,Elizabeth Kelley,Guzmanside,001-357-300-2720x6345,30
403,Angelica Keith,East Zachary,001-329-865-7724x29543,43
404,Ricky Davis II,Hunterfurt,001-530-608-9317,34
405,David Martinez,North Richard,(394)521-5291x08677,36
406,Megan Young,East Sophia,447-862-6393x436,39
407,Jose Schultz,North Kelly,739-873-5971x072,21
408,Isaiah Avila,Lake Patrick,(294)211-8005x37599,49
409,Devon Flores,Williamfurt,965-428-0924x2875,29
410,Susan Murray MD,West Jenniferchester,(841)650-2745,40
411,Jeffrey Chandler,Chloeview,456.225.7287x03203,47
412,Lauren Daniels,Greenmouth,(317)507-5877x71215,33
413,Angelica Tucker,Henryburgh,001-584-999-3908x9261,28
414,Patrick Thornton,West Anthonyville,(259)715-2017x7749,36
415,William Barrett,Lake Cindymouth,692-430-4501x89616,29
416,Stephanie Manning,Port Michelle,603-926-6421,11
417,Kimberly Gutierrez,Fitzgeraldport,+1-892-351-5837x76749,48
418,Marc Moore,Shepherdburgh,(961)808-5732x78814,31
419,Bailey Duran DDS,Port Timberg,(343)286-4908,29
420,Michael Wang,New Rogerville,494.854.9180x172,17
421,Aaron Wise,North Robertport,897-279-4523x21941,49
422,Alyssa Long,South Darrylburgh,+1-477-469-7499x5641,16
423,Danny Morgan,East Danieltown,001-930-437-2368x314,41
424,David Douglas Jr.,Hendersonville,(527)677-0793,18
425,Lori Guerrero,Williamstown,966-879-9840,50
426,Sharon Cochran,Palmerfort,608.806.9581,50
427,David Davis,Wilsonstad,760.924.3757x383,34
428,Stephanie Salazar,West Jennifer,(465)972-9341x7223,32
429,Denise Jacobs,Port Robertfort,333-780-0545x2280,41
430,Daniel Murphy,Wilsonbury,683-474-5508,16
431,Patricia Rodriguez,Lake Brentmouth,511.799.1808x121,18
432,Margaret Hawkins DDS,Lake Kelly,287.512.5521x376,29
433,Lisa Hensley,Petersonhaven,(814)556-5328,5
434,Veronica Simpson,Port Roy,(478)850-7208x11556,46
435,Joshua Blair,South Katherineberg,001-708-246-6845,19
436,Joel Williams,Rachelberg,001-367-238-9975x634,16
437,Michael Powell,Peterberg,684.531.8848x52008,18
438,Jessica Garcia,Jessicahaven,905-648-5101,22
439,Jordan Henderson,South Matthewbury,001-599-389-3544x9268,21
440,Shelia Wallace,Zacharyborough,001-957-312-6611x06273,35
441,Angel Perry,Ericafurt,001-988-864-9767,6
442,Sherri Baker,East William,372.888.1377x0285,9
443,Tracy House,North Mikeport,9822154544,10
444,Nicole Herring,East Kristen,(904)643-2701x85106,15
445,Deborah Figueroa,Mcculloughfurt,892.828.7772x5199,25
446,Kathryn Snyder,South Matthew,3743120948,45
447,Michelle Brown,New Amber,001-509-983-7801x82043,10
448,Courtney Gonzalez,Port Amandamouth,(690)370-5626x0856,46
449,Derek Zuniga,North Amberport,(724)412-4620,14
450,Victor Baker,Lake Brianfurt,552-565-4610,5
451,Noah Rhodes,South William,261.640.5786x17063,27
452,Cristian Santos,East Kathrynberg,896-971-8325x8238,27
453,Tanya Kim,North Lisaport,+1-620-207-4946x5398,22
454,Jessica Gross,Lake Amanda,541-761-2846,35
455,Michael Lyons,Cynthiamouth,935-253-7950x209,30
456,Shane Henderson,Lake Glennside,001-776-881-1807x156,27
457,Steve Sanchez,Port Katrina,001-501-375-3703x045,4
458,Debra Davidson,Lindseybury,575.804.7930,14
459,Dr. William Warren,Port Joshuahaven,628.539.9921x9212,27
460,Brian Lee,Jamestown,001-689-348-7060x566,25
461,Sherry Decker,Simpsonhaven,001-203-504-6875x06351,50
462,Jamie Walton,Rosariobury,225.741.1076,38
463,Alyssa Day,Johnfort,950.358.3199,45
464,Marie Christian,Rileyland,6068512070,2
465,Shannon Walker,North Ericaside,2469619639,49
466,Kirk Carter,Marshallchester,+1-291-350-7859x311,37
467,Shannon Rivera,New David,845.767.9723x20024,25
468,Michael Elliott,Brandyside,001-522-274-9545x08920,31
469,Jason Stein,Cooperborough,+1-631-853-7795x9959,1
470,Jessica Smith,Francismouth,5739033793,23
471,Stephen Mckee,Lindsayfurt,362.405.0150,20
472,Robert Potter,Scottshire,001-450-503-3423x42583,49
473,Elizabeth Perkins,East Meganville,7267153473,25
474,John Anderson,New Tiffany,+1-861-512-2338x655,27
475,Stephanie Byrd,Port Christinaborough,+1-942-553-0428,35
476,Jessica Stephens,Port Thomasland,(786)785-7872,48
477,Kathy Rivas,Baldwinfort,649.869.0333x7363,48
478,Ashley Barton,Duncanstad,981-721-4785x390,35
479,Carolyn Miller,Hayeschester,(657)354-6027x34151,39
480,Jeremy Reed,Saraville,615-608-3535,15
481,Holly Wood,Jamesberg,001-884-504-4566x90782,32
482,Katherine Salas,Lake Kara,538.998.7751x5366,15
483,Jonathan Peterson,Farrelltown,(829)624-0755x366,18
484,Christopher Smith,Brendashire,8225599996,28
485,Carla Gray,Brownfurt,371.459.7412,32
486,Jamie Smith,Port Hannahfort,3239164334,2
487,Pamela Boyd,West Aprilburgh,666-821-2867x16323,25
488,Allen Rosales,Mooreshire,593-787-4302x7169,22
489,Sharon Cherry,Stevensshire,8145754692,43
490,Daniel Wagner,New Jessica,362.591.6032x484,44
491,Olivia Harris,Jenkinsside,651-518-5672,26
492,Victoria Larson,South Anthonymouth,(956)336-0041x2577,47
493,Amber Kidd,New Dianemouth,(674)322-0912,11
494,Gabrielle Davis,Jacksontown,+1-842-675-2308x37081,30
495,Michael Warner,Williamstown,8632353310,9
496,Brandon Bailey MD,West Loriland,712.520.6815,40
497,April Frost,New Randall,(913)531-5520x65063,35
498,Crystal Johnson,Lake Lisastad,4136649718,2
499,Barbara Dudley,New Markfurt,+1-525-225-7150x99768,26
500,Christine Wright,North Christina,743-963-9102,38
501,Rebecca Jackson,Jamesfurt,203.897.5245,37
502,Amber Obrien,Karenbury,001-455-933-8033x9685,43
503,Christopher Bass,North Mollyland,502.532.1298,2
504,Jose Travis,South Jessicaport,(933)562-9344,6
505,William Baker,Michellefort,856-462-7768,42
506,Anthony Everett,Smithfurt,(814)998-2824x67474,28
507,Laura Roberts,West Derrickfort,823.800.8576,9
508,Matthew Foster,Patrickport,+1-991-760-1692x3645,30
509,Joshua Cooke,Lake Paulchester,001-533-470-5024x9724,12
510,Diane Evans,North Kellifurt,(691)883-6264x4886,4
511,Amanda Jones,North Daisystad,(343)364-0270,17
512,Susan Serrano,Warrenport,001-562-425-2237x2817,25
513,Paul Castaneda,North Karen,001-334-767-9121x41614,21
514,John Whitehead,New Jimmyfort,+1-610-904-0901x38069,14
515,Alexander Collins,Shermanchester,955-853-5669x05510,30
516,Tammie Bright,North Carolyn,243.757.9786x30505,21
517,Keith Jennings,Hallfort,(291)456-7164x9328,22
518,Michelle Harmon,Roblesport,+1-887-227-1783x33211,49
519,James Ferrell,West Raven,001-343-747-1287x15399,25
520,John Pierce,Kentfurt,+1-586-333-4141x1159,18
521,Laura Haney,Davidmouth,(590)340-9836x6552,49
522,Michael Evans,Smithmouth,324-637-7294x20954,27
523,Gina Moore,Welchborough,446.205.2330x2764,17
524,Katie Suarez,Rogersfort,(766)218-4438x612,6
525,Jeffrey Chavez,Stephenburgh,001-227-774-2333,31
526,Stephanie Ross,Lake Kristenberg,(862)401-5720x1859,2
527,Garrett Lin,Sanchezville,867.649.2617,48
528,Cassandra Gaines,Richardsonville,911-678-3099,35
529,Krista Gibson,Port Brittanyfurt,964.392.1518x2606,4
530,Lisa Archer,Port Karenville,(492)508-7510,23
531,Joyce Bowen,North Anna,001-601-918-4582x60340,15
532,Brent Jordan,New Tracy,585-498-8310x30324,42
533,Victoria Garcia,New Michael,(896)918-4462,5
534,David Smith,West Ericaberg,+1-431-843-5989,50
535,Frank Cordova,West Victoria,(360)793-1418x18615,42
536,Amy Silva,Kimberlyberg,440.616.3611,3
537,Nathan Freeman,Davisstad,001-794-884-9102x562,49
538,Dr. Hannah Patterson,Vargasview,7825226940,2
539,Lisa Barnes,Mannburgh,857.784.4683x414,16
540,Wayne Morgan,Lake Christopherbury,829-401-4870,13
541,Crystal Robinson,Jimenezside,001-216-909-3068x538,2
542,Evelyn Galvan,Lake Sarah,001-783-321-5285x06762,40
543,Ryan Gonzalez,Robinbury,+1-814-547-4430,10
544,Elizabeth Oliver DDS,Sarahhaven,7796705097,16
545,Karen Graham,Danielstad,001-826-350-1673x1882,9
546,Michael Lewis,Smithview,676.354.5628,31
547,Dustin Jordan,Douglasmouth,(625)260-5313,43
548,Matthew Harrington,South Robert,802-437-4167x87256,8
549,Sandra Aguilar,North Lauraberg,(258)803-0569,37
550,Judy Baker,Robertsfort,363-692-8234,14
551,Matthew Moore,Lake Lori,571.389.2392,30
552,Tina Sanders,South Benjamin,826.609.3106,45
553,Stephanie Williams,East Matthew,708.260.4145x4563,17
554,Jonathan Lawrence,North Aaron,+1-653-347-4916x24755,50
555,Madison Poole,Lake Alexanderside,001-325-355-9895x34396,24
556,Andrew Avila,Lake Julia,709-633-7118,11
557,Tricia Valencia,Mayoborough,+1-720-723-6848,39
558,Denise Davenport,Sotoville,(217)568-8029x42409,39
559,Ethan Adams,Simpsonside,412.578.6866x94320,48
560,Timothy Duncan,Port Williamhaven,001-584-643-4481x230,46
561,Richard Henson,Lake Eddieview,(740)733-8105,8
562,Melissa Brewer,Lake Nicoleview,001-226-394-5005x3424,50
563,Spencer Haynes,Bautistaview,+1-598-837-3543x9627,11
564,Theresa Clark,Eddiefort,472-672-2397,20
565,Denise Jones,West Frankburgh,(293)312-1637x6182,7
566,Patty Perez,Cruzville,2023314290,38
567,Yvonne Burns,Melissaland,427.597.2457,2
568,Christopher Parker,New Heatherside,400-218-4186,20
569,Lindsay Martinez,North Jeremy,(725)343-6172x1314,37
570,Mark Brown,Davidland,8924268592,44
571,Aimee Montoya,Colleenport,(814)975-4102x252,25
572,Jessica Callahan,Briggsville,001-764-721-5226,26
573,James Brown,Colemanchester,+1-552-836-6878x878,46
574,Angie Henderson,New Jenniferhaven,001-931-435-0305,13
575,Kimberly Gibson,North Rhondastad,001-824-272-8633x30212,5
576,Brittany Farmer,Watsonville,+1-891-479-2025x21310,38
577,Michele Williams,South Julia,001-484-476-5704x1200,45
578,Colin Terry,South Marissamouth,+1-349-884-3624,41
579,Joshua Reed,Lake Jason,+1-803-462-8917x756,16
580,Christina Walters,Port Nathanchester,541.611.5950,7
581,Angela Lopez,New Daniel,690.343.8303,45
582,Brenda Hall,New Valeriefort,5057140546,50
583,Andrew Reynolds,Swansonberg,001-215-668-1820x967,20
584,Matthew Mcmillan,East Faith,713-932-2889,44
585,Mike Allen,West Kelly,+1-360-263-3991x297,39
586,Cameron Fisher,Port Monica,+1-317-617-5242,8
587,Cameron Parker,Michaelland,(974)274-7219,37
588,Cathy Robinson,Michelefurt,(292)275-8955x16874,3
589,Richard Rodriguez,Lake Lori,5218462961,23
590,Michael Bradshaw,Caldwellstad,778.371.1216x636,35
591,Adam Vaughan,Matthewfort,471.547.0827,28
592,Rodney Morales,Ashleyfurt,6566730306,43
593,Daniel Kennedy,North Donald,861-747-6834x201,24
594,Kathleen Moran,Franklinstad,(477)782-6596x08931,5
595,Shannon James,Alexismouth,(475)916-4807,33
596,Larry Dixon,North Jefferyborough,(682)696-3533x90550,42
597,Whitney Peters,Lake Victormouth,(465)858-6851x27652,22
598,Megan Orr,Mitchellchester,+1-349-911-1109x6179,1
599,Elizabeth Fowler,Lake Kellychester,737.986.1371,27
600,Julia Torres,Odonnellfurt,5532844446,32
601,Paula Moreno,Johnsontown,(558)895-5296,7
602,Christopher Rubio,New Deanna,4968262658,28
603,Debra Morton,North Jennifer,(581)396-4825,24
604,Richard Aguirre,North Samuelshire,(909)781-9602,41
605,Amber Wright,East Denise,343.483.6404,30
606,Yvonne Chambers,Lake Traciville,379-311-2442,46
607,John Young,Kirkborough,(417)406-1713x6657,10
608,Zachary Ferrell,Alejandroburgh,+1-699-301-5579x98028,28
609,Gerald Hensley,New Anthony,7884235130,12
610,Sierra Johnson,North Jessica,(944)973-1584,47
611,Joseph Coleman,Huntfurt,642.434.6199,34
612,Shirley Suarez,Lake Tony,769.745.9196x639,42
613,Paul Jones,South Garyton,449.764.9856x01256,18
614,Tommy Walter,North Jason,(752)551-0505x379,40
615,Justin Baker,South Justinborough,231.984.9196x65533,35
616,Margaret Coleman,Williamsview,(211)972-9596x39040,50
617,Nathan Malone,Davidfurt,8886050171,31
618,Cynthia Rowe,Loganstad,(318)257-9064x7715,30
619,David Alvarez,North Margaret,(215)263-2135,28
620,Sara Johnston,Nicoleton,404-414-5964,47
621,Mrs. Kristen Reyes,Wilsonmouth,(996)971-8839,38
622,Daniel Baker,Marcfort,314.341.5833,18
623,Justin Torres,Browntown,+1-937-463-7153x98854,21
624,Darlene Miller,East Jefferystad,(379)483-6314x6249,16
625,Jeffrey Johnson,Walterville,707.624.0787,6
626,Timothy Romero,New Christopherchester,626.786.8507,18
627,Jessica Holmes,North Deborahchester,943.862.9489,29
628,Matthew Moon,Lake Brendanbury,331-600-9431,16
629,Helen Jones,New Holly,(666)213-4732x3549,49
630,Cheyenne Horton,East Wesleyfort,001-843-725-1225x7207,30
631,Kevin Walters,East Terriland,(909)357-9073,37
632,Abigail Shaffer,Port Andreport,988.922.1145,40
633,Mary Marshall,Veronicaview,+1-274-457-0545x89714,43
634,Allison Hill,Chaseberg,(670)939-6531x361,25
635,Samantha Garcia,West Renee,(356)896-4430x985,22
636,John Daniel,Knightstad,910-672-7284x9824,2
637,Bryan Herrera,Port Kennethmouth,8347910740,32
638,Anthony Humphrey,North Johnstad,288-921-4236x9143,21
639,Michelle Evans,Johnfurt,(661)444-9429x65923,12
640,Kristen Davis,Spencerport,714-797-8266x1287,32
641,Donald Wright,Gomezmouth,(767)408-0612x94398,14
642,Lindsey Walker,Brianfurt,(660)378-7010,23
643,Julie Alexander,Brookeport,001-475-901-9803,17
644,Connie Lawrence,East Patty,+1-324-340-7931x1029,22
645,Rebecca Valencia,East Dale,4875601467,18
646,Elaine Brooks,Lorrainemouth,+1-991-662-0223x28837,39
647,Lawrence Adkins,Elizabethshire,354.866.1766x2047,45
648,Zachary Hicks,New Kevinmouth,5527774025,18
649,William Herrera,Palmerburgh,+1-925-495-7244x6176,36
650,Jennifer Adkins,Davidmouth,001-495-599-6100,1
651,Monica Herrera,Lake Danielfort,933-712-6610x94101,34
652,Elizabeth Kelley,East Manuelmouth,(829)583-3477x4332,13
653,Angelica Keith,New Andrewville,702.405.6981,6
654,Ricky Davis II,Leeborough,001-978-855-9821,16
655,David Martinez,Sawyershire,728-241-1730,47
656,Megan Young,Port Shelia,665-812-4189x389,27
657,Jose Schultz,New Heidiville,001-774-200-5643,32
658,Isaiah Avila,East Amy,001-350-937-1990x5169,36
659,Devon Flores,West Jennifer,507-283-5674,49
660,Susan Murray MD,North Kimborough,+1-496-808-7066,16
661,Jeffrey Chandler,Dunnville,219.555.3560x331,45
662,Lauren Daniels,Burgessside,001-400-630-1027,31
663,Angelica Tucker,West Michaelbury,529-967-1114x8375,42
664,Patrick Thornton,Shellyside,638-345-8810x5697,46
665,William Barrett,East Maureen,934.283.1520x37710,32
666,Stephanie Manning,Joshuafurt,510-849-6706x6703,29
667,Kimberly Gutierrez,Lake Ryan,5402850954,2
668,Marc Moore,Jessicachester,(801)986-4876x99842,6
669,Bailey Duran DDS,East Rebecca,741-638-4596x094,19
670,Michael Wang,Kimberlytown,949-254-2770,15
671,Aaron Wise,Johnsonstad,483.660.9149x8517,26
672,Alyssa Long,Jordanfort,(432)929-0310,45
673,Danny Morgan,Bobbybury,7443058093,16
674,David Douglas Jr.,New Scotthaven,633-459-5616,20
675,Lori Guerrero,West Catherinestad,365-574-9025x04290,43
676,Sharon Cochran,Williamhaven,001-353-569-0261,38
677,David Davis,Ryanville,509.778.8754x39435,24
678,Stephanie Salazar,South Leslie,337-765-1588,31
679,Denise Jacobs,Jacobsmouth,(339)328-3692x94455,36
680,Daniel Murphy,Fisherberg,001-673-927-0216,34
681,Patricia Rodriguez,East Mollychester,4218288665,23
682,Margaret Hawkins DDS,Lake Kelly,959-499-1015x76764,28
683,Lisa Hensley,Lake Katie,612.309.9576x57289,48
684,Veronica Simpson,West Trevor,8987898645,36
685,Joshua Blair,East Bobby,001-636-684-9951x5421,22
686,Joel Williams,Gonzalesburgh,249-513-4213x8820,23
687,Michael Powell,South Marissatown,(934)896-7827x411,45
688,Jessica Garcia,Bakerberg,315-713-1528x547,30
689,Jordan Henderson,South Craighaven,938-400-3296x33472,18
690,Shelia Wallace,Campbellborough,+1-818-630-6178x9320,20
691,Angel Perry,Welchbury,+1-957-682-4347x7695,17
692,Sherri Baker,East Danielport,(975)836-1275x15627,15
693,Tracy House,North Kelly,236.608.5456x67664,8
694,Nicole Herring,Chandlermouth,+1-704-476-3928x3199,47
695,Deborah Figueroa,Lake Andrewfurt,555-481-0835,13
696,Kathryn Snyder,Heathbury,825-956-3830x0081,21
697,Michelle Brown,East Justintown,330.341.6624,8
698,Courtney Gonzalez,New Jenniferchester,6087921963,48
699,Derek Zuniga,Hunttown,847-631-4976x4613,35
700,Victor Baker,Mitchellside,536.907.6581x73906,49
